model,accuracy
logreg,0.7868852459016393
dt,0.7704918032786885
rf,0.7540983606557377
svc,0.8032786885245902
voting,0.8360655737704918
