,precision,recall,f1-score,support
0,0.7857142857142857,0.7857142857142857,0.7857142857142857,28.0
1,0.8181818181818182,0.8181818181818182,0.8181818181818182,33.0
accuracy,0.8032786885245902,0.8032786885245902,0.8032786885245902,0.8032786885245902
macro avg,0.801948051948052,0.801948051948052,0.801948051948052,61.0
weighted avg,0.8032786885245902,0.8032786885245902,0.8032786885245902,61.0
