,precision,recall,f1-score,support
0,0.8214285714285714,0.8214285714285714,0.8214285714285714,28.0
1,0.8484848484848485,0.8484848484848485,0.8484848484848485,33.0
accuracy,0.8360655737704918,0.8360655737704918,0.8360655737704918,0.8360655737704918
macro avg,0.8349567099567099,0.8349567099567099,0.8349567099567099,61.0
weighted avg,0.8360655737704918,0.8360655737704918,0.8360655737704918,61.0
